{"pages":["consola.png"],"chars":[{"id":48,"index":613,"char":"0","width":23,"height":32,"xoffset":0,"yoffset":6,"xadvance":23,"chnl":15,"x":0,"y":0,"page":0},{"id":51,"index":618,"char":"3","width":21,"height":32,"xoffset":1,"yoffset":6,"xadvance":23,"chnl":15,"x":0,"y":33,"page":0},{"id":56,"index":623,"char":"8","width":22,"height":32,"xoffset":0,"yoffset":6,"xadvance":23,"chnl":15,"x":0,"y":66,"page":0},{"id":49,"index":616,"char":"1","width":22,"height":31,"xoffset":1,"yoffset":6,"xadvance":23,"chnl":15,"x":22,"y":33,"page":0},{"id":50,"index":617,"char":"2","width":22,"height":31,"xoffset":1,"yoffset":6,"xadvance":23,"chnl":15,"x":24,"y":0,"page":0},{"id":52,"index":619,"char":"4","width":25,"height":31,"xoffset":-1,"yoffset":6,"xadvance":23,"chnl":15,"x":0,"y":99,"page":0},{"id":53,"index":620,"char":"5","width":20,"height":31,"xoffset":2,"yoffset":6,"xadvance":23,"chnl":15,"x":23,"y":65,"page":0},{"id":54,"index":621,"char":"6","width":22,"height":31,"xoffset":1,"yoffset":6,"xadvance":23,"chnl":15,"x":0,"y":131,"page":0},{"id":55,"index":622,"char":"7","width":22,"height":31,"xoffset":0,"yoffset":6,"xadvance":23,"chnl":15,"x":0,"y":163,"page":0},{"id":57,"index":624,"char":"9","width":22,"height":31,"xoffset":0,"yoffset":6,"xadvance":23,"chnl":15,"x":0,"y":195,"page":0}],"info":{"face":"consola","size":42,"bold":0,"italic":0,"charset":["0","1","2","3","4","5","6","7","8","9"],"unicode":1,"stretchH":100,"smooth":1,"aa":1,"padding":[2,2,2,2],"spacing":[0,0]},"common":{"lineHeight":49,"base":33,"scaleW":256,"scaleH":256,"pages":1,"packed":0,"alphaChnl":0,"redChnl":0,"greenChnl":0,"blueChnl":0},"distanceField":{"fieldType":"msdf","distanceRange":4},"kernings":[]}